 ID, Task Name, Duration, Start, Finish, Predecessors, Resource Names,,,,,,,,,,,,,,,,
381,            MTO,37.2 days, Tue 7/11/17, Thu 8/17/17,,,,,,,,,,,,,,,,,,
382,                MTO - FM 200 System,14 days, Thu 8/03/17, Thu 8/17/17,"357,359",Engineering Workload (Wika),,,,,,,,,,,,,,,,
383,                MTO - Fire Hydrant c/w monitor,14 days, Tue 7/11/17, Mon 7/24/17,358,Engineering Workload (Wika),,,,,,,,,,,,,,,,
384,                MTO - Heavy Duty Hoses,14 days, Tue 7/18/17, Tue 8/01/17,360,Engineering Workload (Wika),,,,,,,,,,,,,,,,
385,                MTO - Adjustable Water Nozzle,14 days, Tue 7/18/17, Tue 8/01/17,"361,363",Engineering Workload (Wika),,,,,,,,,,,,,,,,
386,                MTO - Portable Fire Extinguisher,14 days, Tue 7/11/17, Mon 7/24/17,362,Engineering Workload (Wika),,,,,,,,,,,,,,,,
387,                MTO - Water Spray Nozzle,14 days, Tue 7/18/17, Tue 8/01/17,"361,363",Engineering Workload (Wika),,,,,,,,,,,,,,,,
388,            Requisition,37.2 days, Tue 7/18/17, Thu 8/24/17,,,,,,,,,,,,,,,,,,
389,                Requisition - FM 200 System,14 days, Thu 8/10/17, Thu 8/24/17,382SS+7 days,Engineering Workload (Wika),,,,,,,,,,,,,,,,
390,                Requisition - Fire Hydrant c/w monitor,14 days, Tue 7/18/17, Mon 7/31/17,383SS+7 days,Engineering Workload (Wika),,,,,,,,,,,,,,,,
391,                Requisition - Heavy Duty Hoses,14 days, Tue 7/25/17, Tue 8/08/17,384SS+7 days,Engineering Workload (Wika),,,,,,,,,,,,,,,,
392,                Requisition - Adjustable Water Nozzle,14 days, Tue 7/25/17, Tue 8/08/17,"385SS+7 days,387SS+7 days",Engineering Workload (Wika),,,,,,,,,,,,,,,,
393,                Requisition - Portable Fire Extinguisher,14 days, Tue 7/18/17, Mon 7/31/17,386SS+7 days,Engineering Workload (Wika),,,,,,,,,,,,,,,,
394,                Requisition - Water Spray Nozzle,14 days, Tue 7/25/17, Tue 8/08/17,"385SS+7 days,387SS+7 days",Engineering Workload (Wika),,,,,,,,,,,,,,,,
395,            TBE,44.2 days, Tue 8/15/17, Thu 9/28/17,,,,,,,,,,,,,,,,,,
396,                TBE - FM 200 System,21 days, Thu 9/07/17, Thu 9/28/17,2579,Engineering Workload (Wika),,,,,,,,,,,,,,,,
397,                TBE - Fire Hydrant c/w monitor,21 days, Tue 8/15/17, Mon 9/04/17,2585,Engineering Workload (Wika),,,,,,,,,,,,,,,,
398,                TBE - Heavy Duty Hoses,21 days, Tue 8/22/17, Tue 9/12/17,2591,Engineering Workload (Wika),,,,,,,,,,,,,,,,
399,                TBE - Adjustable Water Nozzle,21 days, Tue 8/22/17, Tue 9/12/17,2597,Engineering Workload (Wika),,,,,,,,,,,,,,,,
400,                TBE - Portable Fire Extinguisher,21 days, Tue 8/15/17, Mon 9/04/17,2603,Engineering Workload (Wika),,,,,,,,,,,,,,,,
401,                TBE - Water Spray Nozzle,21 days, Tue 8/22/17, Tue 9/12/17,"2597,2609",Engineering Workload (Wika),,,,,,,,,,,,,,,,
402,            Vendor Document Review,111 days, Mon 9/11/17, Sat 12/30/17,,,,,,,,,,,,,,,,,,
403,                Vendor Document Review - FM 200 System,30 days, Fri 12/01/17, Sat 12/30/17,2581,Engineering Workload (Wika),010300[Rp 117221237.89],,,,,,,,,,,,,,,,
404,                Vendor Document Review - Fire Hydrant c/w monitor,30 days, Mon 9/11/17, Tue 10/10/17,2587,Engineering Workload (Wika),010300[Rp 117221237.89],,,,,,,,,,,,,,,,
405,                Vendor Document Review - Heavy Duty Hoses,30 days, Mon 9/18/17, Wed 10/18/17,2593,Engineering Workload (Wika),010300[Rp 117221237.89],,,,,,,,,,,,,,,,
406,                Vendor Document Review - Adjustable Water Nozzle,30 days, Mon 9/18/17, Wed 10/18/17,2599,Engineering Workload (Wika),010300[Rp 117221237.89],,,,,,,,,,,,,,,,
407,                Vendor Document Review - Portable Fire Extinguisher,30 days, Mon 9/11/17, Tue 10/10/17,2605,Engineering Workload (Wika),010300[Rp 117221237.89],,,,,,,,,,,,,,,,
408,                Vendor Document Review - Water Spray Nozzle,30 days, Mon 9/18/17, Wed 10/18/17,"2599,2611",Engineering Workload (Wika),010300[Rp 117221237.89],,,,,,,,,,,,,,,,
687,            Requisition,240.2 days, Wed 10/19/16, Sat 6/17/17,,,,,,,,,,,,,,,,,,
688,                Requisition - Propane Refrigerated Tank,14 days, Thu 12/01/16, Wed 12/14/16,"477SS+45 days,547SS+34 days,413SS+14 days,414SS+14 days,415SS+14 days,416SS+14 days,417SS+14 days,448SS+14 days",Engineering Workload (PEN),,,,,,,,,,,,,,,,
689,                Requisition - Butane Refrigerated Tank,14 days, Thu 12/01/16, Wed 12/14/16,"478SS+45 days,602SS+34 days,413SS+14 days,414SS+14 days,415SS+14 days,416SS+14 days,417SS+14 days,448SS+14 days",Engineering Workload (PEN),,,,,,,,,,,,,,,,
690,                Requisition of Flare,14 days, Sat 12/03/16, Fri 12/16/16,484SS+64 days,Engineering Workload (PEN),,,,,,,,,,,,,,,,
691,                Requisition of Pot Mounted Submerged Pump,14 days, Sun 12/18/16, Sun 1/01/17,"500SS+49 days,501SS+49 days,502SS+49 days,507SS+49 days,508SS+49 days,509SS+49 days",Engineering Workload (PEN),,,,,,,,,,,,,,,,
692,                Requisition of Special type Heat Exchanger,14 days, Sun 12/18/16, Sun 1/01/17,"487SS+49 days,488SS+49 days,490SS+49 days",Engineering Workload (PEN),,,,,,,,,,,,,,,,
693,                Requisition of Reciprocating BOG Compressor,14 days, Tue 12/20/16, Tue 1/03/17,"497SS+34 days,498SS+34 days",Engineering Workload (PEN),,,,,,,,,,,,,,,,
694,                Requisition of Centrifugal Pump(Amendment of API 610 11th Edition),14 days, Sun 12/18/16, Sun 1/01/17,"499SS+49 days,503SS+49 days,504SS+49 days,505SS+49 days,510SS+49 days,511SS+49 days,512SS+49 days,506SS+49 days",Engineering Workload (PEN),,,,,,,,,,,,,,,,
695,                Requisition of Instrument Air Generation Unit,14 days, Sun 12/18/16, Sun 1/01/17,522SS+14 days,Engineering Workload (PEN),,,,,,,,,,,,,,,,
696,                Requisition of Nitrogen Gas Generation Unit,14 days, Wed 2/01/17, Tue 2/14/17,523SS+14 days,Engineering Workload (PEN),,,,,,,,,,,,,,,,
697,                Requisition of Service Water Chemical Injection Unit,14 days, Thu 12/08/16, Wed 12/21/16,524SS+27 days,Engineering Workload (PEN),,,,,,,,,,,,,,,,
698,                Requisition of Truck Loading Arm,14 days, Wed 5/03/17, Tue 5/16/17,"526SS+21 days,527SS+21 days,528SS+21 days,529SS+21 days",Engineering Workload (PEN),,,,,,,,,,,,,,,,
699,                Requisition of Electrochlorination Package,14 days, Thu 12/15/16, Wed 12/28/16,541SS+34 days,Engineering Workload (PEN),,,,,,,,,,,,,,,,
700,                Requisition of Centrifugal Gas Blower,14 days, Mon 1/02/17, Sun 1/15/17,"495SS+71 days,496SS+71 days,533SS+71 days,534SS+71 days,482SS+71 days,483SS+71 days",Engineering Workload (PEN),,,,,,,,,,,,,,,,
701,                Requisition of General Service Centrifugal Pump (Sea Water Supply),14 days, Fri 12/09/16, Thu 12/22/16,537,Engineering Workload (PEN),,,,,,,,,,,,,,,,
702,                Requisition of Marine Loading Arm,7 days, Fri 12/02/16, Thu 12/08/16,"535SS+7 days,536SS+7 days,538SS+7 days,539SS+7 days",Engineering Workload (PEN),,,,,,,,,,,,,,,,
703,                Requisition of Gangway,14 days, Sun 12/25/16, Sun 1/08/17,544SS+63 days,Engineering Workload (PEN),,,,,,,,,,,,,,,,
704,                Requisition of Static Mixer,14 days, Sun 1/22/17, Sat 2/04/17,513,Engineering Workload (Wika),,,,,,,,,,,,,,,,
705,                Requisition of Pressure Vessel,14 days, Fri 12/09/16, Thu 12/22/16,"491SS+14 days,492SS+14 days,493SS+14 days,494SS+14 days,531SS+14 days,532SS+14 days,479SS+14 days,480SS+14 days,481SS+14 days,652SS+34 days,653SS+34 days,654SS+34 days,655SS+34 days,656SS+34 days,657SS+34 days,658SS+34 days,661SS+34 days,662SS+34 days,663SS+34 days,666SS+34 days,667SS+34 days,545SS+34 days,517SS+14 days,518SS+14 days,519SS+14 days",Engineering Workload (Wika),,,,,,,,,,,,,,,,
706,                Requisition of Shell & Tube Type Heat Exchanger,14 days, Fri 12/09/16, Thu 12/22/16,"489,486SS+29 days",Engineering Workload (Wika),,,,,,,,,,,,,,,,
707,                Requisition of Atmospheric Storage Tank (Fuel Oil Tank & Service Water Tank),14 days, Fri 12/09/16, Thu 12/22/16,"515,516SS+14 days,664SS+34 days,665SS+34 days",Engineering Workload (Wika),,,,,,,,,,,,,,,,
708,                Requisition of Overhead Crane & Hoist,14 days, Wed 3/01/17, Tue 3/14/17,"514,543",Engineering Workload (Wika),,,,,,,,,,,,,,,,
709,                Requisition of Fire System Water Pump (Jockey & Main Water),14 days, Sun 2/05/17, Sat 2/18/17,"542SS+39 days,530SS+39 days",Engineering Workload (Wika),,,,,,,,,,,,,,,,
710,                Requisition of Pressurized LPG Arm,14 days, Sun 10/30/16, Sat 11/12/16,436SS,Engineering Workload (Wika),,,,,,,,,,,,,,,,
711,                Requisition of Riverse Osmosis,14 days, Wed 10/19/16, Tue 11/01/16,525,Engineering Workload (Wika),,,,,,,,,,,,,,,,
712,                Requisition of Odorant Absorber,14 days, Fri 2/10/17, Thu 2/23/17,485,Engineering Workload (Wika),,,,,,,,,,,,,,,,
713,                Requisition of Generator Fuel Oil Pump,14 days, Sat 6/03/17, Sat 6/17/17,520,Engineering Workload (Wika),,,,,,,,,,,,,,,,
714,                Requisition of Service Water Pump (Service Water Transfer),14 days, Wed 5/03/17, Tue 5/16/17,521SS+29 days,Engineering Workload (Wika),,,,,,,,,,,,,,,,
715,            TBE,233.2 days, Sun 12/25/16, Thu 8/31/17,,,,,,,,,,,,,,,,,,
716,                TBE - Propane Refrigerated Tank,10 days, Sun 12/25/16, Wed 1/04/17,"416,1596,413FF,414FF,415FF,417FF,448FF",Engineering Workload (PEN),,,,,,,,,,,,,,,,
717,                TBE - Butane Refrigerated Tank,10 days, Wed 1/04/17, Fri 1/13/17,"416,1604,413FF,414FF,415FF,417FF,448FF",Engineering Workload (PEN),,,,,,,,,,,,,,,,
718,                TBE - Propane BOG Drum (Jetty B),10 days, Wed 3/29/17, Fri 4/07/17,1940,Engineering Workload (Wika),,,,,,,,,,,,,,,,
719,                TBE - Butane Vapor Return Drum (Jetty B),10 days, Wed 3/29/17, Fri 4/07/17,1948,Engineering Workload (Wika),,,,,,,,,,,,,,,,
720,                TBE - Flare KO Drum,10 days, Wed 3/29/17, Fri 4/07/17,1956,Engineering Workload (Wika),,,,,,,,,,,,,,,,
721,                TBE - Odorant Adsorber,10 days, Wed 3/29/17, Fri 4/07/17,2116,Engineering Workload (Wika),,,,,,,,,,,,,,,,
722,                TBE - Enclosed Ground Flare,17 days, Wed 3/01/17, Fri 3/17/17,1612,Engineering Workload (PEN),,,,,,,,,,,,,,,,
723,                TBE - Propane Return Gas Blower (Backloading at Jetty B),35 days, Wed 3/29/17, Tue 5/02/17,1660,Engineering Workload (PEN),,,,,,,,,,,,,,,,
724,                TBE - Butane Return Gas Blower (Backloading at Jetty B),35 days, Wed 3/29/17, Tue 5/02/17,1668,Engineering Workload (PEN),,,,,,,,,,,,,,,,
725,                TBE - Propane BOG Drum,10 days, Wed 3/29/17, Fri 4/07/17,1964,Engineering Workload (Wika),,,,,,,,,,,,,,,,
726,                TBE - Propane BOG Condensate Drum,10 days, Wed 3/29/17, Fri 4/07/17,1972,Engineering Workload (Wika),,,,,,,,,,,,,,,,
727,                TBE - Butane BOG Drum,10 days, Wed 3/29/17, Fri 4/07/17,1980,Engineering Workload (Wika),,,,,,,,,,,,,,,,
728,                TBE - Butane BOG Condensate Drum,10 days, Wed 3/29/17, Fri 4/07/17,1988,Engineering Workload (Wika),,,,,,,,,,,,,,,,
729,                TBE - Propane BOG Condenser,10 days, Wed 3/29/17, Fri 4/07/17,2036,Engineering Workload (Wika),,,,,,,,,,,,,,,,
730,                TBE - Butane BOG Condenser,10 days, Wed 3/29/17, Fri 4/07/17,2044,Engineering Workload (Wika),,,,,,,,,,,,,,,,
731,                TBE - Propane Heater (Transfer),15 days, Wed 3/01/17, Wed 3/15/17,1636,Engineering Workload (PEN),,,,,,,,,,,,,,,,
732,                TBE - Propane Heater (Truck Filling),15 days, Wed 3/01/17, Wed 3/15/17,1644,Engineering Workload (PEN),,,,,,,,,,,,,,,,
733,                TBE - Butane Heater (Truck Filling),15 days, Wed 3/01/17, Wed 3/15/17,1652,Engineering Workload (PEN),,,,,,,,,,,,,,,,
734,                TBE - Overhead Crane,10 days, Wed 3/29/17, Fri 4/07/17,2052,Engineering Workload (Wika),,,,,,,,,,,,,,,,
735,                TBE - Propane BOG Condensate Pump,22 days, Wed 3/01/17, Wed 3/22/17,1708,Engineering Workload (PEN),,,,,,,,,,,,,,,,
736,                TBE - Propane Backloading to Jetty A Pump,20 days, Wed 3/01/17, Mon 3/20/17,1716,Engineering Workload (PEN),,,,,,,,,,,,,,,,
737,                TBE - Propane Transfer Pump,20 days, Wed 3/01/17, Mon 3/20/17,1724,Engineering Workload (PEN),,,,,,,,,,,,,,,,
738,                TBE - Propane Backloading to Jetty B Pump,20 days, Wed 3/01/17, Mon 3/20/17,1732,Engineering Workload (PEN),,,,,,,,,,,,,,,,
739,                TBE - Propane Truck Filling Pumps,22 days, Wed 3/01/17, Wed 3/22/17,1740,Engineering Workload (PEN),,,,,,,,,,,,,,,,
740,                TBE - Propane Recirculation Pump Jetty A,22 days, Wed 3/01/17, Wed 3/22/17,1748,Engineering Workload (PEN),,,,,,,,,,,,,,,,
741,                TBE - Propane Recirculation Pump Jetty B,22 days, Wed 3/01/17, Wed 3/22/17,1756,Engineering Workload (PEN),,,,,,,,,,,,,,,,
742,                TBE - Butane BOG Condensate Pump,22 days, Wed 3/01/17, Wed 3/22/17,1764,Engineering Workload (PEN),,,,,,,,,,,,,,,,
743,                TBE - Butane Backloading to Jetty A Pump,20 days, Wed 3/01/17, Mon 3/20/17,1772,Engineering Workload (PEN),,,,,,,,,,,,,,,,
744,                TBE - Butane Transfer Pump,20 days, Wed 3/01/17, Mon 3/20/17,1780,Engineering Workload (PEN),,,,,,,,,,,,,,,,
745,                TBE - Butane Backloading to Jetty B Pump,20 days, Wed 3/01/17, Mon 3/20/17,1788,Engineering Workload (PEN),,,,,,,,,,,,,,,,
746,                TBE - Butane Truck Filling Pumps,22 days, Wed 3/01/17, Wed 3/22/17,1796,Engineering Workload (PEN),,,,,,,,,,,,,,,,
747,                TBE - Butane Recirculation Pump (Jetty A),22 days, Wed 3/01/17, Wed 3/22/17,1804,Engineering Workload (PEN),,,,,,,,,,,,,,,,
748,                TBE - Butane Recirculation Pump (Jetty B),22 days, Wed 3/01/17, Wed 3/22/17,1812,Engineering Workload (PEN),,,,,,,,,,,,,,,,
749,                TBE - Propane BOG Compressor,13 days, Wed 3/01/17, Mon 3/13/17,1620,Engineering Workload (PEN),,,,,,,,,,,,,,,,
750,                TBE - Butane BOG Compressor,13 days, Wed 3/01/17, Mon 3/13/17,1628,Engineering Workload (PEN),,,,,,,,,,,,,,,,
751,                TBE - Propane Return Gas Blower (Unloading),35 days, Wed 3/29/17, Tue 5/02/17,1676,Engineering Workload (PEN),,,,,,,,,,,,,,,,
752,                TBE - Butane Return Gas Blower (Unloading),35 days, Wed 3/29/17, Tue 5/02/17,1684,Engineering Workload (PEN),,,,,,,,,,,,,,,,
753,                TBE - Generator Fuel Oil Tank,10 days, Wed 3/29/17, Fri 4/07/17,2060,Engineering Workload (Wika),,,,,,,,,,,,,,,,
754,                TBE - Service Water Tank,10 days, Wed 3/29/17, Fri 4/07/17,2068,Engineering Workload (Wika),,,,,,,,,,,,,,,,
755,                TBE - Instrument Air Receiver,10 days, Wed 3/29/17, Fri 4/07/17,2012,Engineering Workload (Wika),,,,,,,,,,,,,,,,
756,                TBE - Plant Air Receiver,10 days, Wed 3/29/17, Fri 4/07/17,2020,Engineering Workload (Wika),,,,,,,,,,,,,,,,
757,                TBE - Nitrogen Receiver,10 days, Wed 3/29/17, Fri 4/07/17,2028,Engineering Workload (Wika),,,,,,,,,,,,,,,,
758,                TBE - Instrument Air Generation Unit,35 days, Sun 2/26/17, Sat 4/01/17,1820,Engineering Workload (PEN),,,,,,,,,,,,,,,,
759,                TBE - Nitrogent Generation Unit,35 days, Sun 2/26/17, Sat 4/01/17,1828,Engineering Workload (PEN),,,,,,,,,,,,,,,,
760,                TBE - Sevice Water Chemical Injection Unit,52 days, Wed 2/01/17, Fri 3/24/17,1836,Engineering Workload (PEN),,,,,,,,,,,,,,,,
761,                TBE - Riverse Osmosis,10 days, Sat 2/11/17, Mon 2/20/17,2108,Engineering Workload (Wika),,,,,,,,,,,,,,,,
762,                TBE - Service Water Transfer Pump,35 days, Sun 6/11/17, Sun 7/30/17,1924,Engineering Workload (PEN),,,,,,,,,,,,,,,,
763,                TBE - Propane Liquid Truck Loading Arm,35 days, Thu 7/06/17, Wed 8/09/17,1844,Engineering Workload (PEN),,,,,,,,,,,,,,,,
764,                TBE - Propane Vapor Truck Loading Arm,35 days, Thu 7/06/17, Wed 8/09/17,1852,Engineering Workload (PEN),,,,,,,,,,,,,,,,
765,                TBE - Butane Liquid Truck Loading Arm,35 days, Thu 7/06/17, Wed 8/09/17,1860,Engineering Workload (Wika),,,,,,,,,,,,,,,,
766,                TBE - Butane Vapor Truck Loading Arm,35 days, Thu 7/06/17, Wed 8/09/17,1868,Engineering Workload (PEN),,,,,,,,,,,,,,,,
767,                TBE - Propane BOG Drum (Jetty A),10 days, Wed 3/29/17, Fri 4/07/17,1996,Engineering Workload (Wika),,,,,,,,,,,,,,,,
768,                TBE - Butane Vapor Return Drum (Jetty A),10 days, Wed 3/29/17, Fri 4/07/17,2004,Engineering Workload (Wika),,,,,,,,,,,,,,,,
769,                TBE - Propane Marine Loading Arm (A),21 days, Wed 3/01/17, Tue 3/21/17,1876,Engineering Workload (PEN),,,,,,,,,,,,,,,,
770,                TBE - Butane Marine Loading Arm (A),21 days, Wed 3/01/17, Tue 3/21/17,1884,Engineering Workload (PEN),,,,,,,,,,,,,,,,
771,                TBE - Propane Marine Loading Arm (B),21 days, Wed 3/01/17, Tue 3/21/17,1892,Engineering Workload (PEN),,,,,,,,,,,,,,,,
772,                TBE - Butane Marine Loading Arm (B),21 days, Wed 3/01/17, Tue 3/21/17,1900,Engineering Workload (PEN),,,,,,,,,,,,,,,,
773,                TBE - Gangway Tower,13 days, Wed 3/01/17, Mon 3/13/17,1908,Engineering Workload (PEN),,,,,,,,,,,,,,,,
774,                TBE - Propane Return Gas Blower (Backloading at Jetty A),35 days, Wed 3/29/17, Tue 5/02/17,1692,Engineering Workload (PEN),,,,,,,,,,,,,,,,
775,                TBE - Buatne Return Gas Blower (Backloading at Jetty A),35 days, Wed 3/29/17, Tue 5/02/17,1700,Engineering Workload (PEN),,,,,,,,,,,,,,,,
776,                TBE - Marine Loading Arm 002,10 days, Wed 4/05/17, Fri 4/14/17,2076,Engineering Workload (Wika),,,,,,,,,,,,,,,,
777,                TBE - Electrochlorination Package,52 days, Wed 3/29/17, Fri 5/19/17,1916,Engineering Workload (PEN),,,,,,,,,,,,,,,,
778,                TBE - Sea Water Supply Pump,35 days, Wed 3/29/17, Tue 5/02/17,1932,Engineering Workload (Wika),,,,,,,,,,,,,,,,
779,                TBE - Fire System Water Pump (Jockey & Main Water Transfer),14 days, Wed 3/29/17, Tue 4/11/17,2084,Engineering Workload (Wika),,,,,,,,,,,,,,,,
780,                TBE - Static Mixer (Piping Scope),10 days, Wed 3/29/17, Fri 4/07/17,2100,Engineering Workload (Wika),,,,,,,,,,,,,,,,
781,                TBE - Generator Fuel Oil Pump,35 days, Thu 7/27/17, Thu 8/31/17,2092,Engineering Workload (Wika),,,,,,,,,,,,,,,,
782,            Vendor Document Review (Engineering Vendor - Drawing Approved for Manufacturing),264.2 days, Mon 1/16/17, Sun 10/22/17,,,,,,,,,,,,,,,,,,
783,                Vendor Document Review - Propane Refrigerated Tank,30 days, Mon 1/16/17, Tue 2/14/17,1598,Engineering Workload (PEN),010300[Rp 117221237.89],,,,,,,,,,,,,,,,
784,                Vendor Document Review - Butane Refrigerated Tank,30 days, Fri 2/03/17, Sat 3/04/17,1606,Engineering Workload (PEN),010300[Rp 117221237.89],,,,,,,,,,,,,,,,
785,                Vendor Document Review - Propane BOG Drum (Jetty B),30 days, Sat 4/29/17, Sun 5/28/17,1942,Engineering Workload (Wika),010300[Rp 117221237.89],,,,,,,,,,,,,,,,
786,                Vendor Document Review - Butane Vapor Return Drum (Jetty B),30 days, Sat 4/29/17, Sun 5/28/17,1950,Engineering Workload (Wika),010300[Rp 117221237.89],,,,,,,,,,,,,,,,
787,                Vendor Document Review - Flare KO Drum,30 days, Fri 4/28/17, Sat 5/27/17,1958,Engineering Workload (Wika),010300[Rp 117221237.89],,,,,,,,,,,,,,,,
788,                Vendor Document Review - Odorant Adsorber,30 days, Sun 4/16/17, Mon 5/15/17,2118,Engineering Workload (Wika),010300[Rp 117221237.89],,,,,,,,,,,,,,,,
789,                Vendor Document Review - Enclosed Ground Flare,30 days, Thu 5/18/17, Sat 6/17/17,1614,Engineering Workload (PEN),010300[Rp 117221237.89],,,,,,,,,,,,,,,,
790,                Vendor Document Review - Propane Return Gas Blower (Backloading at Jetty B),30 days, Thu 8/03/17, Fri 9/01/17,1662,Engineering Workload (PEN),010300[Rp 117221237.89],,,,,,,,,,,,,,,,
791,                Vendor Document Review - Butane Return Gas Blower (Backloading at Jetty B),30 days, Thu 8/03/17, Fri 9/01/17,1670,Engineering Workload (PEN),010300[Rp 117221237.89],,,,,,,,,,,,,,,,
792,                Vendor Document Review - Propane BOG Drum,30 days, Sat 4/29/17, Sun 5/28/17,1966,Engineering Workload (Wika),010300[Rp 117221237.89],,,,,,,,,,,,,,,,
793,                Vendor Document Review - Propane BOG Condensate Drum,30 days, Sat 4/29/17, Sun 5/28/17,1974,Engineering Workload (Wika),010300[Rp 117221237.89],,,,,,,,,,,,,,,,
794,                Vendor Document Review - Butane BOG Drum,30 days, Sat 4/29/17, Sun 5/28/17,1982,Engineering Workload (Wika),010300[Rp 117221237.89],,,,,,,,,,,,,,,,
795,                Vendor Document Review - Butane BOG Condensate Drum,30 days, Sat 4/29/17, Sun 5/28/17,1990,Engineering Workload (Wika),010300[Rp 117221237.89],,,,,,,,,,,,,,,,
796,                Vendor Document Review - Propane BOG Condenser,30 days, Wed 5/24/17, Fri 7/07/17,2038,Engineering Workload (Wika),010300[Rp 117221237.89],,,,,,,,,,,,,,,,
797,                Vendor Document Review - Butane BOG Condenser,30 days, Wed 5/24/17, Fri 7/07/17,2046,Engineering Workload (Wika),010300[Rp 117221237.89],,,,,,,,,,,,,,,,
798,                Vendor Document Review - Propane Heater (Transfer),30 days, Fri 5/12/17, Sat 6/10/17,1638,Engineering Workload (PEN),010300[Rp 117221237.89],,,,,,,,,,,,,,,,
799,                Vendor Document Review - Propane Heater (Truck Filling),30 days, Fri 5/12/17, Sat 6/10/17,1646,Engineering Workload (PEN),010300[Rp 117221237.89],,,,,,,,,,,,,,,,
800,                Vendor Document Review - Butane Heater (Truck Filling),30 days, Fri 5/12/17, Sat 6/10/17,1654,Engineering Workload (PEN),010300[Rp 117221237.89],,,,,,,,,,,,,,,,
801,                Vendor Document Review - Overhead Crane,30 days, Wed 6/07/17, Fri 7/21/17,2054,Engineering Workload (Wika),010300[Rp 117221237.89],,,,,,,,,,,,,,,,
802,                Vendor Document Review - Propane BOG Condensate Pump,30 days, Wed 6/07/17, Fri 7/21/17,1710,Engineering Workload (PEN),010300[Rp 117221237.89],,,,,,,,,,,,,,,,
803,                Vendor Document Review - Propane Backloading to Jetty A Pump,30 days, Wed 6/07/17, Fri 7/21/17,1718,Engineering Workload (PEN),010300[Rp 117221237.89],,,,,,,,,,,,,,,,
804,                Vendor Document Review - Propane Transfer Pump,30 days, Wed 6/07/17, Fri 7/21/17,1726,Engineering Workload (PEN),010300[Rp 117221237.89],,,,,,,,,,,,,,,,
805,                Vendor Document Review - Propane Backloading to Jetty B Pump,30 days, Wed 6/07/17, Fri 7/21/17,1734,Engineering Workload (PEN),010300[Rp 117221237.89],,,,,,,,,,,,,,,,
806,                Vendor Document Review - Propane Truck Filling Pumps,30 days, Wed 6/07/17, Fri 7/21/17,1742,Engineering Workload (PEN),010300[Rp 117221237.89],,,,,,,,,,,,,,,,
807,                Vendor Document Review - Propane Recirculation Pump Jetty A,30 days, Wed 6/07/17, Fri 7/21/17,1750,Engineering Workload (PEN),010300[Rp 117221237.89],,,,,,,,,,,,,,,,
808,                Vendor Document Review - Propane Recirculation Pump Jetty B,30 days, Wed 6/07/17, Fri 7/21/17,1758,Engineering Workload (PEN),010300[Rp 117221237.89],,,,,,,,,,,,,,,,
809,                Vendor Document Review - Butane BOG Condensate Pump,30 days, Wed 6/07/17, Fri 7/21/17,1766,Engineering Workload (PEN),010300[Rp 117221237.89],,,,,,,,,,,,,,,,
810,                Vendor Document Review - Butane Backloading to Jetty A Pump,30 days, Wed 6/07/17, Fri 7/21/17,1774,Engineering Workload (PEN),010300[Rp 117221237.89],,,,,,,,,,,,,,,,
811,                Vendor Document Review - Butane Transfer Pump,30 days, Wed 6/07/17, Fri 7/21/17,1782,Engineering Workload (PEN),010300[Rp 117221237.89],,,,,,,,,,,,,,,,
812,                Vendor Document Review - Butane Backloading to Jetty B Pump,30 days, Wed 6/07/17, Fri 7/21/17,1790,Engineering Workload (PEN),010300[Rp 117221237.89],,,,,,,,,,,,,,,,
813,                Vendor Document Review - Butane Truck Filling Pumps,30 days, Wed 6/07/17, Fri 7/21/17,1798,Engineering Workload (PEN),010300[Rp 117221237.89],,,,,,,,,,,,,,,,
814,                Vendor Document Review - Butane Recirculation Pump (Jetty A),30 days, Wed 6/07/17, Fri 7/21/17,1806,Engineering Workload (PEN),010300[Rp 117221237.89],,,,,,,,,,,,,,,,
815,                Vendor Document Review - Butane Recirculation Pump (Jetty B),30 days, Wed 6/07/17, Fri 7/21/17,1814,Engineering Workload (PEN),010300[Rp 117221237.89],,,,,,,,,,,,,,,,
816,                Vendor Document Review - Propane BOG Compressor,30 days, Wed 6/14/17, Fri 7/28/17,1622,Engineering Workload (PEN),010300[Rp 117221237.89],,,,,,,,,,,,,,,,
817,                Vendor Document Review - Butane BOG Compressor,30 days, Wed 6/14/17, Fri 7/28/17,1630,Engineering Workload (PEN),010300[Rp 117221237.89],,,,,,,,,,,,,,,,
818,                Vendor Document Review - Propane Return Gas Blower (Unloading),30 days, Wed 6/07/17, Fri 7/21/17,1678,Engineering Workload (PEN),010300[Rp 117221237.89],,,,,,,,,,,,,,,,
819,                Vendor Document Review - Butane Return Gas Blower (Unloading),30 days, Wed 6/07/17, Fri 7/21/17,1686,Engineering Workload (PEN),010300[Rp 117221237.89],,,,,,,,,,,,,,,,
820,                Vendor Document Review - Generator Fuel Oil Tank,30 days, Wed 6/07/17, Fri 7/21/17,2062,Engineering Workload (Wika),010300[Rp 117221237.89],,,,,,,,,,,,,,,,
821,                Vendor Document Review - Service Water Tank,30 days, Sat 4/29/17, Sun 5/28/17,2070,Engineering Workload (Wika),010300[Rp 117221237.89],,,,,,,,,,,,,,,,
822,                Vendor Document Review - Instrument Air Receiver,30 days, Sat 4/29/17, Sun 5/28/17,2014,Engineering Workload (Wika),010300[Rp 117221237.89],,,,,,,,,,,,,,,,
823,                Vendor Document Review - Plant Air Receiver,30 days, Sat 4/29/17, Sun 5/28/17,2022,Engineering Workload (Wika),010300[Rp 117221237.89],,,,,,,,,,,,,,,,
824,                Vendor Document Review - Nitrogen Receiver,30 days, Sat 4/29/17, Sun 5/28/17,2030,Engineering Workload (Wika),010300[Rp 117221237.89],,,,,,,,,,,,,,,,
825,                Vendor Document Review - Instrument Air Generation Unit,30 days, Fri 7/07/17, Sat 8/05/17,1822,Engineering Workload (PEN),010300[Rp 117221237.89],,,,,,,,,,,,,,,,
826,                Vendor Document Review - Nitrogent Generation Unit,30 days, Fri 7/07/17, Sat 8/05/17,1830,Engineering Workload (PEN),010300[Rp 117221237.89],,,,,,,,,,,,,,,,
827,                Vendor Document Review - Sevice Water Chemical Injection Unit,30 days, Fri 7/07/17, Sat 8/05/17,1838,Engineering Workload (PEN),010300[Rp 117221237.89],,,,,,,,,,,,,,,,
828,                Vendor Document Review - Riverse Osmosis,30 days, Wed 5/10/17, Thu 6/08/17,2110,Engineering Workload (Wika),010300[Rp 117221237.89],,,,,,,,,,,,,,,,
829,                Vendor Document Review - Service Water Transfer Pump,30 days, Tue 8/22/17, Wed 9/20/17,1926,Engineering Workload (PEN),010300[Rp 117221237.89],,,,,,,,,,,,,,,,
830,                Vendor Document Review - Propane Liquid Truck Loading Arm,30 days, Fri 9/01/17, Sat 9/30/17,1846,Engineering Workload (PEN),010300[Rp 117221237.89],,,,,,,,,,,,,,,,
831,                Vendor Document Review - Propane Vapor Truck Loading Arm,30 days, Fri 9/01/17, Sat 9/30/17,1854,Engineering Workload (PEN),010300[Rp 117221237.89],,,,,,,,,,,,,,,,
832,                Vendor Document Review - Butane Liquid Truck Loading Arm,30 days, Fri 9/01/17, Sat 9/30/17,1862,Engineering Workload (Wika),010300[Rp 117221237.89],,,,,,,,,,,,,,,,
833,                Vendor Document Review - Butane Vapor Truck Loading Arm,30 days, Fri 9/01/17, Sat 9/30/17,1870,Engineering Workload (PEN),010300[Rp 117221237.89],,,,,,,,,,,,,,,,
834,                Vendor Document Review - Propane BOG Drum (Jetty A),30 days, Fri 4/28/17, Sat 5/27/17,1998,Engineering Workload (Wika),010300[Rp 117221237.89],,,,,,,,,,,,,,,,
835,                Vendor Document Review - Butane Vapor Return Drum (Jetty A),30 days, Fri 4/28/17, Sat 5/27/17,2006,Engineering Workload (Wika),010300[Rp 117221237.89],,,,,,,,,,,,,,,,
836,                Vendor Document Review - Propane Marine Loading Arm (A),30 days, Wed 6/07/17, Fri 7/21/17,1878,Engineering Workload (PEN),010300[Rp 117221237.89],,,,,,,,,,,,,,,,
837,                Vendor Document Review - Butane Marine Loading Arm (A),30 days, Wed 6/07/17, Fri 7/21/17,1886,Engineering Workload (PEN),010300[Rp 117221237.89],,,,,,,,,,,,,,,,
838,                Vendor Document Review - Propane Marine Loading Arm (B),30 days, Wed 6/07/17, Fri 7/21/17,1894,Engineering Workload (PEN),010300[Rp 117221237.89],,,,,,,,,,,,,,,,
839,                Vendor Document Review - Butane Marine Loading Arm (B),30 days, Wed 6/07/17, Fri 7/21/17,1902,Engineering Workload (PEN),010300[Rp 117221237.89],,,,,,,,,,,,,,,,
840,                Vendor Document Review - Gangway Tower,30 days, Fri 5/12/17, Sat 6/10/17,1910,Engineering Workload (PEN),010300[Rp 117221237.89],,,,,,,,,,,,,,,,
841,                Vendor Document Review - Propane Return Gas Blower (Backloading at Jetty A),30 days, Wed 6/07/17, Fri 7/21/17,1694,Engineering Workload (PEN),010300[Rp 117221237.89],,,,,,,,,,,,,,,,
842,                Vendor Document Review - Buatne Return Gas Blower (Backloading at Jetty A),30 days, Wed 6/07/17, Fri 7/21/17,1702,Engineering Workload (PEN),010300[Rp 117221237.89],,,,,,,,,,,,,,,,
843,                Vendor Document Review - Marine Loading Arm 002,30 days, Wed 6/07/17, Fri 7/21/17,2078,Engineering Workload (Wika),010300[Rp 117221237.89],,,,,,,,,,,,,,,,
844,                Vendor Document Review - Electrochlorination Package,30 days, Sun 6/11/17, Tue 7/25/17,1918,Engineering Workload (PEN),010300[Rp 117221237.89],,,,,,,,,,,,,,,,
845,                Vendor Document Review - Sea Water Supply Pump,30 days, Fri 7/07/17, Sat 8/05/17,1934,Engineering Workload (Wika),010300[Rp 117221237.89],,,,,,,,,,,,,,,,
846,                Vendor Document Review - Fire System Water Pump (Jockey & Main Water Transfer),15 days, Wed 6/07/17, Thu 7/06/17,2086,Engineering Workload (Wika),010300[Rp 117221237.89],,,,,,,,,,,,,,,,
847,                Vendor Document Review - Static Mixer (Piping Scope),30 days, Tue 5/23/17, Thu 7/06/17,2102,Engineering Workload (Wika),010300[Rp 117221237.89],,,,,,,,,,,,,,,,
848,                Vendor Document Review - Generator Fuel Oil Pump,30 days, Fri 9/22/17, Sun 10/22/17,2094,Engineering Workload (Wika),010300[Rp 117221237.89],,,,,,,,,,,,,,,,
948,            Material Take Off,192.8 days, Thu 2/02/17, Mon 8/28/17,,,,,,,,,,,,,,,,,,
949,                MTO for Pipe,14 days, Thu 2/02/17, Wed 2/15/17,855SS+7 days,Engineering Workload (Wika),,,,,,,,,,,,,,,,
950,                MTO for Manual Valve,14 days, Wed 3/29/17, Tue 4/11/17,855SS+7 days,Engineering Workload (Wika),,,,,,,,,,,,,,,,
951,                MTO for Fittings,14 days, Thu 2/02/17, Wed 2/15/17,855SS+7 days,Engineering Workload (Wika),,,,,,,,,,,,,,,,
952,                MTO for Flanges,14 days, Wed 3/29/17, Tue 4/11/17,855SS+7 days,Engineering Workload (Wika),,,,,,,,,,,,,,,,
953,                MTO for Gasket,14 days, Wed 4/12/17, Tue 4/25/17,952SS+14 days,Engineering Workload (Wika),,,,,,,,,,,,,,,,
954,                MTO for Bolt & Nuts,14 days, Mon 8/14/17, Mon 8/28/17,"947SS+14 days,953SS+14 days",Engineering Workload (Wika),,,,,,,,,,,,,,,,
955,            Requisition,192.8 days, Thu 2/09/17, Mon 9/04/17,,,,,,,,,,,,,,,,,,
956,                Requisition for Manual Valve (1st),7 days, Wed 5/10/17, Tue 5/16/17,"950,868SS+29 days,869SS+29 days,870SS+29 days,871SS+29 days,874SS+29 days,876SS+29 days,873SS+29 days,872SS+29 days",Engineering Workload (Wika),,,,,,,,,,,,,,,,
957,                Requisition for Insulation Gasket (1st),7 days, Sat 8/12/17, Fri 8/18/17,"953,875",Engineering Workload (Wika),,,,,,,,,,,,,,,,
958,                Requisition for Pipe (1st),7 days, Thu 2/09/17, Wed 2/15/17,949,Engineering Workload (Wika),,,,,,,,,,,,,,,,
959,                Requisition for Flange (1st),7 days, Wed 3/01/17, Tue 3/07/17,952,Engineering Workload (Wika),,,,,,,,,,,,,,,,
960,                Requisition for Fittings (1st),7 days, Thu 2/09/17, Wed 2/15/17,951,Engineering Workload (Wika),,,,,,,,,,,,,,,,
961,                Requisition for Y-Strainer (1st),7 days, Fri 7/07/17, Thu 7/13/17,876,Engineering Workload (Wika),,,,,,,,,,,,,,,,
962,                Requisition for Gasket (1st),7 days, Wed 4/26/17, Tue 5/02/17,953,Engineering Workload (Wika),,,,,,,,,,,,,,,,
963,                Requisition for Bolt & Nuts (1st),7 days, Mon 8/28/17, Mon 9/04/17,954,Engineering Workload (Wika),,,,,,,,,,,,,,,,
964,                Requisition for Flexible Metal Hose (1st),7 days, Fri 7/07/17, Thu 7/13/17,877,Engineering Workload (Wika),,,,,,,,,,,,,,,,
965,            TBE,83 days, Wed 3/29/17, Mon 6/19/17,,,,,,,,,,,,,,,,,,
966,                TBE - Manual Valve,20 days, Wed 5/31/17, Mon 6/19/17,2181,Engineering Workload (Wika),,,,,,,,,,,,,,,,
967,                TBE - Insulation Gasket,20 days, Sat 4/15/17, Thu 5/04/17,2207,Engineering Workload (Wika),,,,,,,,,,,,,,,,
968,                TBE - Pipe,20 days, Wed 3/29/17, Mon 4/17/17,"2125,2132,2139,2146,2153,2160",,,,,,,,,,,,,,,,,
969,                TBE - Flange,20 days, Wed 3/29/17, Mon 4/17/17,2174,Engineering Workload (Wika),,,,,,,,,,,,,,,,
970,                TBE - Fittings,20 days, Wed 3/29/17, Mon 4/17/17,2167,Engineering Workload (Wika),,,,,,,,,,,,,,,,
971,                TBE - Y-Strainer,20 days, Sat 4/29/17, Thu 5/18/17,2188,Engineering Workload (Wika),,,,,,,,,,,,,,,,
972,                TBE - Gasket,20 days, Sat 4/15/17, Thu 5/04/17,2201,Engineering Workload (Wika),,,,,,,,,,,,,,,,
973,                TBE - Bolt & Nuts,20 days, Sat 4/15/17, Thu 5/04/17,2195,Engineering Workload (Wika),,,,,,,,,,,,,,,,
974,                TBE - Flexible Metal Hose,20 days, Sat 4/15/17, Thu 5/04/17,2213,Engineering Workload (Wika),,,,,,,,,,,,,,,,
975,            Vendor Document Review,30 days, Tue 6/06/17, Thu 7/20/17,,,,,,,,,,,,,,,,,,
976,                Vendor Document Review - Manual Valve,10 days, Tue 7/11/17, Thu 7/20/17,2183,Engineering Workload (Wika),010300[Rp 117221237.89],,,,,,,,,,,,,,,,
977,                Vendor Document Review - Insulation,10 days, Tue 6/06/17, Thu 6/15/17,2209,Engineering Workload (Wika),010300[Rp 117221237.89],,,,,,,,,,,,,,,,
978,                Vendor Document Review - Pipe,10 days, Thu 6/15/17, Sun 7/09/17,"2127,2134,2141,2148,2162,2155",Engineering Workload (Wika),010300[Rp 117221237.89],,,,,,,,,,,,,,,,
979,                Vendor Document Review - Flange,10 days, Tue 6/06/17, Thu 6/15/17,2176,Engineering Workload (Wika),010300[Rp 117221237.89],,,,,,,,,,,,,,,,
980,                Vendor Document Review - Fittings,10 days, Tue 6/06/17, Thu 6/15/17,2169,Engineering Workload (Wika),010300[Rp 117221237.89],,,,,,,,,,,,,,,,
981,                Vendor Document Review -  Gasket,10 days, Tue 6/06/17, Thu 6/15/17,2203,Engineering Workload (Wika),010300[Rp 117221237.89],,,,,,,,,,,,,,,,
982,                Vendor Document Review - Y-strainer,10 days, Tue 6/06/17, Thu 6/15/17,2190,Engineering Workload (Wika),010300[Rp 117221237.89],,,,,,,,,,,,,,,,
983,                Vendor Document Review - Flexible Metal Hose,10 days, Tue 6/06/17, Thu 6/15/17,2215,Engineering Workload (Wika),010300[Rp 117221237.89],,,,,,,,,,,,,,,,
984,                Vendor Document Review -  Bolts & Nuts,10 days, Tue 6/06/17, Thu 6/15/17,"2203,2197",Engineering Workload (Wika),010300[Rp 117221237.89],,,,,,,,,,,,,,,,
1102,            MTO,85.7 days, Fri 8/11/17, Sat 11/04/17,,,,,,,,,,,,,,,,,,
1103,                MTO for Bulk Material,14 days, Sun 10/22/17, Sat 11/04/17,"1009,1082SS+5 days,1083SS+6 days,1084SS+6 days,1089SS+6 days,1090SS+6 days,1091SS+4 days,1093SS+6 days,1095SS+6 days,1097SS+6 days",Engineering Workload (Wika),,,,,,,,,,,,,,,,
1104,                MTO for Cable and Accessories,14 days, Fri 8/11/17, Fri 8/25/17,"1009,1086SS+6 days,1087SS+6 days,1088SS+4 days,1092SS+5 days",Engineering Workload (Wika),,,,,,,,,,,,,,,,
1105,            Requisition,177 days, Wed 4/12/17, Fri 10/20/17,,,,,,,,,,,,,,,,,,
1106,                Requisition - Terminal Automation System,52 days, Wed 5/03/17, Fri 7/28/17,"991SS+7 days,992SS+7 days,211SS+42 days,212SS+42 days,230SS+42 days,231SS+42 days,232SS+42 days,233SS+42 days,234SS+42 days,235SS+42 days,236SS+42 days,237SS+42 days,238SS+42 days,218SS+42 days,219SS+42 days,220SS+42 days,221SS+42 days,222SS+42 days,223SS+42 days,224SS+42 days,225SS+42 days,226SS+42 days,227SS+42 days,180SS+34 days,181SS+34 days,189SS+42 days,213SS+42 days,214SS+42 days",Engineering Workload (Wika),,,,,,,,,,,,,,,,
1107,                Requisition - F&G Detector and ESD Push Button,7 days, Wed 5/31/17, Wed 6/07/17,1008,Engineering Workload (Wika),,,,,,,,,,,,,,,,
1108,                Requisition - ATG System,7 days, Wed 5/31/17, Wed 6/07/17,1014,Engineering Workload (Wika),,,,,,,,,,,,,,,,
1109,                Requisition - Shutdown & On-Off Valve,7 days, Tue 5/02/17, Mon 5/08/17,"1015SS+34 days,1048SS+34 days,1026SS+34 days,1053SS+34 days,1064SS+34 days",Engineering Workload (Wika),,,,,,,,,,,,,,,,
1110,                Requisition - Motor Operated Valve,7 days, Tue 5/02/17, Mon 5/08/17,"1016SS+34 days,1038SS+34 days,1027SS+34 days,1054SS+34 days,1065SS+34 days",Engineering Workload (Wika),,,,,,,,,,,,,,,,
1111,                Requisition - Control Valve (On/Off , Level, Flow),7 days, Sun 7/23/17, Sat 7/29/17,"1017SS+29 days,1055SS+29 days,1028SS+29 days,1066SS+29 days",Engineering Workload (Wika),,,,,,,,,,,,,,,,
1112,                Requisition - Pressure Safety Valve,7 days, Thu 8/17/17, Thu 8/24/17,"1018,1039,1049,1029,1056,1067",Engineering Workload (Wika),,,,,,,,,,,,,,,,
1113,                Requisition - Pressure & Differential Transmitter (Flow, Level),7 days, Fri 6/09/17, Thu 6/15/17,"1019,1031,1041,1051,1058,1069",Engineering Workload (Wika),,,,,,,,,,,,,,,,
1114,                Requisition - Pressure & Differential Pressure Gauge,7 days, Fri 6/09/17, Thu 6/15/17,"1020,1030,1040,1050,1057,1068",Engineering Workload (Wika),,,,,,,,,,,,,,,,
1115,                Requisition - Temperature Transmitter,7 days, Fri 6/09/17, Thu 6/15/17,"1021,1045,1062,1059,1032,1035,1070,1072",Engineering Workload (Wika),,,,,,,,,,,,,,,,
1116,                Requisition - Temperature Gauge & Element,7 days, Sat 10/14/17, Fri 10/20/17,"1022,1042,1060,1033",Engineering Workload (Wika),,,,,,,,,,,,,,,,
1117,                Requisition - Level Gauge,7 days, Fri 6/09/17, Thu 6/15/17,"1023,1043,1061,1034,1071",Engineering Workload (Wika),,,,,,,,,,,,,,,,
1118,                Requisition - Level Switch,7 days, Fri 6/09/17, Thu 6/15/17,1044,Engineering Workload (Wika),,,,,,,,,,,,,,,,
1119,                Requisition - Level Transmitter,7 days, Fri 6/09/17, Thu 6/15/17,1024,Engineering Workload (Wika),,,,,,,,,,,,,,,,
1120,                Requisition - Metering System,7 days, Wed 4/12/17, Tue 4/18/17,"1036SS+34 days,1052SS+34 days",Engineering Workload (Wika),,,,,,,,,,,,,,,,
1121,                Requisition - Orifice Plate,7 days, Wed 9/06/17, Wed 9/13/17,"1073,1025,1037,1063",Engineering Workload (Wika),,,,,,,,,,,,,,,,
1122,                Requisition - Instrument Cable and FO,7 days, Tue 5/02/17, Mon 5/08/17,1009SS+34 days,Engineering Workload (Wika),,,,,,,,,,,,,,,,
1123,                Requisition - Telephone, CCTV  & PAGA System,7 days, Fri 6/09/17, Thu 6/15/17,"1012,1010,1011",Engineering Workload (Wika),,,,,,,,,,,,,,,,
1124,                Requisition - Restriction Orifice,7 days, Wed 9/06/17, Wed 9/13/17,1046,Engineering Workload (Wika),,,,,,,,,,,,,,,,
1125,                Requisition - PD Meter,7 days, Fri 6/09/17, Thu 6/15/17,1047,Engineering Workload (Wika),,,,,,,,,,,,,,,,
1126,                Requisition - Deluge Valve,7 days, Fri 6/09/17, Thu 6/15/17,1013,Engineering Workload (Wika),,,,,,,,,,,,,,,,
1127,            TBE,171 days, Sat 6/03/17, Tue 12/05/17,,,,,,,,,,,,,,,,,,
1128,                TBE - Terminal Automation System,60 days, Sun 9/03/17, Wed 11/01/17,2221,Engineering Workload (Wika),,,,,,,,,,,,,,,,
1129,                TBE - F&G Detector and ESD Push Button,21 days, Mon 7/17/17, Mon 8/07/17,2229,Engineering Workload (Wika),,,,,,,,,,,,,,,,
1130,                TBE - Instrument Cable and FO,21 days, Sat 6/03/17, Sat 7/08/17,2237,Engineering Workload (Wika),,,,,,,,,,,,,,,,
1131,                TBE - Telephone, CCTV & PAGA System,21 days, Wed 7/26/17, Tue 8/15/17,2245,Engineering Workload (Wika),,,,,,,,,,,,,,,,
1132,                TBE - ATG System,21 days, Mon 7/17/17, Mon 8/07/17,2253,Engineering Workload (Wika),,,,,,,,,,,,,,,,
1133,                TBE - Shutdown & Blowdown Valve,45 days, Sat 6/03/17, Tue 8/01/17,"989,2261",Engineering Workload (Wika),,,,,,,,,,,,,,,,
1134,                TBE - Motor Operated Valve,45 days, Sat 6/03/17, Tue 8/01/17,2269,Engineering Workload (Wika),,,,,,,,,,,,,,,,
1135,                TBE - Control Valve (Pressure , Level, Flow),45 days, Thu 8/24/17, Sat 10/07/17,2277,Engineering Workload (Wika),,,,,,,,,,,,,,,,
1136,                TBE - Pressure Safety Valve,45 days, Mon 9/18/17, Thu 11/02/17,2285,Engineering Workload (Wika),,,,,,,,,,,,,,,,
1137,                TBE - Pressure & Differential Transmitter (Flow, Level),21 days, Wed 7/26/17, Tue 8/15/17,2293,Engineering Workload (Wika),,,,,,,,,,,,,,,,
1138,                TBE - Pressure & Differential Pressure Gauge,21 days, Wed 7/26/17, Tue 8/15/17,2301,Engineering Workload (Wika),,,,,,,,,,,,,,,,
1139,                TBE - Temperature Transmitter,21 days, Wed 7/26/17, Tue 8/15/17,2309,Engineering Workload (Wika),,,,,,,,,,,,,,,,
1140,                TBE - Temperature Gauge & Element,21 days, Wed 11/15/17, Tue 12/05/17,2317,Engineering Workload (Wika),,,,,,,,,,,,,,,,
1141,                TBE - Level Gauge,21 days, Wed 7/26/17, Tue 8/15/17,2325,Engineering Workload (Wika),,,,,,,,,,,,,,,,
1142,                TBE - Level Switch,21 days, Wed 7/26/17, Tue 8/15/17,2333,Engineering Workload (Wika),,,,,,,,,,,,,,,,
1143,                TBE - Level Transmitter,21 days, Wed 7/26/17, Tue 8/15/17,2341,Engineering Workload (Wika),,,,,,,,,,,,,,,,
1144,                TBE - Metering System,60 days, Thu 6/08/17, Mon 8/21/17,2349,Engineering Workload (Wika),,,,,,,,,,,,,,,,
1145,                TBE - Orifice Plate,21 days, Sun 10/08/17, Sun 10/29/17,2357,Engineering Workload (Wika),,,,,,,,,,,,,,,,
1146,                TBE - Restriction Orifice,21 days, Sun 10/08/17, Sun 10/29/17,2365,Engineering Workload (Wika),,,,,,,,,,,,,,,,
1147,                TBE - PD Meter,21 days, Wed 7/26/17, Tue 8/15/17,2373,Engineering Workload (Wika),,,,,,,,,,,,,,,,
1148,                TBE - Deluge Valve,21 days, Wed 7/26/17, Tue 8/15/17,2381,Engineering Workload (Wika),,,,,,,,,,,,,,,,
1149,            Vendor Document Review,171 days, Mon 7/31/17, Fri 1/19/18,,,,,,,,,,,,,,,,,,
1150,                Vendor Document Review - Terminal Automation System,30 days, Fri 11/24/17, Sat 12/23/17,2223,Engineering Workload (Wika),010300[Rp 117221237.89],,,,,,,,,,,,,,,,
1151,                Vendor Document Review - F&G Detector and ESD Push Button,30 days, Tue 8/29/17, Thu 9/28/17,2231,Engineering Workload (Wika),010300[Rp 117221237.89],,,,,,,,,,,,,,,,
1152,                Vendor Document Review - Instrument Cable and FO,21 days, Mon 7/31/17, Sun 8/20/17,2239,Engineering Workload (Wika),010300[Rp 117221237.89],,,,,,,,,,,,,,,,
1153,                Vendor Document Review - Telephone and CCTV System,21 days, Thu 9/07/17, Wed 9/27/17,2247,Engineering Workload (Wika),010300[Rp 117221237.89],,,,,,,,,,,,,,,,
1154,                Vendor Document Review - ATG System,21 days, Tue 8/29/17, Tue 9/19/17,2255,Engineering Workload (Wika),010300[Rp 117221237.89],,,,,,,,,,,,,,,,
1155,                Vendor Document Review - Shutdown & Blowdown Valve,21 days, Thu 8/24/17, Wed 9/13/17,2263,Engineering Workload (Wika),010300[Rp 117221237.89],,,,,,,,,,,,,,,,
1156,                Vendor Document Review - Motor Operated Valve,21 days, Thu 8/24/17, Wed 9/13/17,2271,Engineering Workload (Wika),010300[Rp 117221237.89],,,,,,,,,,,,,,,,
1157,                Vendor Document Review - Control Valve (On/Off , Level, Flow),21 days, Mon 10/30/17, Sun 11/19/17,2279,Engineering Workload (Wika),010300[Rp 117221237.89],,,,,,,,,,,,,,,,
1158,                Vendor Document Review - Pressure Safety Valve,21 days, Fri 11/24/17, Fri 12/15/17,2287,Engineering Workload (Wika),010300[Rp 117221237.89],,,,,,,,,,,,,,,,
1159,                Vendor Document Review - Pressure & Differential Transmitter (Flow, Level),21 days, Thu 9/21/17, Thu 10/12/17,2295,Engineering Workload (Wika),010300[Rp 117221237.89],,,,,,,,,,,,,,,,
1160,                Vendor Document Review - Pressure & Differential Pressure Gauge,21 days, Thu 9/07/17, Wed 9/27/17,2303,Engineering Workload (Wika),010300[Rp 117221237.89],,,,,,,,,,,,,,,,
1161,                Vendor Document Review - Temperature Transmitter,21 days, Thu 9/07/17, Wed 9/27/17,2311,Engineering Workload (Wika),010300[Rp 117221237.89],,,,,,,,,,,,,,,,
1162,                Vendor Document Review - Temperature Gauge & Element,21 days, Thu 12/28/17, Fri 1/19/18,2319,Engineering Workload (Wika),010300[Rp 117221237.89],,,,,,,,,,,,,,,,
1163,                Vendor Document Review - Level Gauge,21 days, Thu 9/07/17, Wed 9/27/17,2327,Engineering Workload (Wika),010300[Rp 117221237.89],,,,,,,,,,,,,,,,
1164,                Vendor Document Review - Level Switch,21 days, Thu 9/07/17, Wed 9/27/17,2335,Engineering Workload (Wika),010300[Rp 117221237.89],,,,,,,,,,,,,,,,
1165,                Vendor Document Review - Level Transmitter,21 days, Thu 9/07/17, Wed 9/27/17,2343,Engineering Workload (Wika),010300[Rp 117221237.89],,,,,,,,,,,,,,,,
1166,                Vendor Document Review - Metering System,21 days, Wed 9/13/17, Tue 10/03/17,"2271,2351",Engineering Workload (Wika),010300[Rp 117221237.89],,,,,,,,,,,,,,,,
1167,                Vendor Document Review - Orifice Plate,21 days, Mon 11/20/17, Mon 12/11/17,2359,Engineering Workload (Wika),010300[Rp 117221237.89],,,,,,,,,,,,,,,,
1168,                Vendor Document Review - Restriction Orifice,21 days, Tue 11/14/17, Tue 12/05/17,2367,Engineering Workload (Wika),010300[Rp 117221237.89],,,,,,,,,,,,,,,,
1169,                Vendor Document Review - PD Meter,21 days, Fri 9/01/17, Thu 9/21/17,2375,Engineering Workload (Wika),010300[Rp 117221237.89],,,,,,,,,,,,,,,,
1170,                Vendor Document Review - Deluge Valve,21 days, Fri 9/01/17, Thu 9/21/17,2383,Engineering Workload (Wika),010300[Rp 117221237.89],,,,,,,,,,,,,,,,
1254,            MTO,120 days, Thu 4/27/17, Fri 9/08/17,,,,,,,,,,,,,,,,,,
1255,                MTO for Lighting,14 days, Thu 4/27/17, Wed 5/10/17,"1210SS+7 days,1230SS+29 days,1231SS+29 days,1232SS+29 days,1233SS+29 days,1234SS+29 days,1235SS+29 days,1236SS+29 days",Engineering Workload (Wika),,,,,,,,,,,,,,,,
1256,                MTO for Bulk Material,14 days, Tue 6/13/17, Tue 7/11/17,"1214FF+7 days,1216FF+7 days",Engineering Workload (Wika),,,,,,,,,,,,,,,,
1257,                MTO for Main Equipment,14 days, Sat 8/26/17, Fri 9/08/17,"1203FF+7 days,1204FF+7 days,1205FF+7 days,1206FF+7 days,1208FF+7 days,1215FF+7 days,1207FF+7 days,1210FF+7 days,1213FF+7 days",Engineering Workload (Wika),,,,,,,,,,,,,,,,
1258,                MTO for Cathodic Protection,14 days, Fri 6/02/17, Thu 6/15/17,1216FF+7 days,Engineering Workload (Wika),,,,,,,,,,,,,,,,
1259,                MTO for Electric Heater,14 days, Fri 8/04/17, Thu 8/17/17,1215FF+7 days,Engineering Workload (Wika),,,,,,,,,,,,,,,,
1260,            Requisition,238 days, Wed 12/14/16, Thu 8/24/17,,,,,,,,,,,,,,,,,,
1261,                Electrical Requisition - MV Switchgear 20 kV,7 days, Thu 12/29/16, Thu 1/05/17,"1178,1203SS+44 days",Engineering Workload (Wika),,,,,,,,,,,,,,,,
1262,                Electrical Requisition - MV Switchgear 3,3 kV,7 days, Thu 12/29/16, Thu 1/05/17,"1178,1204SS+44 days",Engineering Workload (Wika),,,,,,,,,,,,,,,,
1263,                Electrical Requisition - LV Switchgear/MCC,7 days, Sun 5/21/17, Sat 5/27/17,"1179,1205SS+44 days",Engineering Workload (Wika),,,,,,,,,,,,,,,,
1264,                Electrical Requisition - Power Transformer,7 days, Sat 6/03/17, Fri 6/09/17,"1180,1206SS+44 days",Engineering Workload (Wika),,,,,,,,,,,,,,,,
1265,                Electrical Requisition - 220 V AC UPS ,7 days, Wed 5/03/17, Tue 5/09/17,"1181,1208SS+44 days",Engineering Workload (Wika),,,,,,,,,,,,,,,,
1266,                Electrical Requisition - 110V DC UPS,7 days, Wed 5/03/17, Tue 5/09/17,"1182,1208SS+44 days",Engineering Workload (Wika),,,,,,,,,,,,,,,,
1267,                Electrical Requisition - Capacitor Bank,7 days, Wed 5/31/17, Tue 6/06/17,"1183,1209SS+34 days",Engineering Workload (Wika),,,,,,,,,,,,,,,,
1268,                Electrical Requisition - Lighting & Small Power & Distribution Panel,7 days, Tue 5/16/17, Mon 5/22/17,"1255,1184,1210SS+34 days",Engineering Workload (Wika),,,,,,,,,,,,,,,,
1269,                Electrical Requisition - Electrical Cable,7 days, Thu 6/01/17, Wed 6/07/17,"1185,1211SS+44 days,1219SS+44 days",Engineering Workload (Wika),,,,,,,,,,,,,,,,
1270,                Electrical Requisition - Neutral Ground Resistor,7 days, Sun 5/28/17, Sat 6/03/17,"1186,1212SS+44 days",Engineering Workload (Wika),,,,,,,,,,,,,,,,
1271,                Electrical Requisition - Emergency Diesel Engine Generator,7 days, Wed 12/14/16, Sun 4/02/17,"1187,1213SS+44 days",Engineering Workload (Wika),,,,,,,,,,,,,,,,
1272,                Electrical Requisition - Lighting Fixtures,7 days, Tue 2/21/17, Wed 4/19/17,"1255,1184,1210SS+34 days",Engineering Workload (Wika),,,,,,,,,,,,,,,,
1273,                Electrical Requisition - Electrical Cable Trays & Ladder,7 days, Mon 5/22/17, Sun 5/28/17,"1191,1214SS+34 days,1219SS+34 days",Engineering Workload (Wika),,,,,,,,,,,,,,,,
1274,                Electrical Requisition - Electric Heater,7 days, Fri 8/18/17, Thu 8/24/17,"1259,1215SS+44 days",Engineering Workload (Wika),,,,,,,,,,,,,,,,
1275,                Electrical Requisition - Cathodic Protection,7 days, Fri 6/16/17, Fri 7/07/17,"1258,1216SS+34 days",Engineering Workload (Wika),,,,,,,,,,,,,,,,
1276,            TBE,217 days, Thu 2/09/17, Thu 9/28/17,,,,,,,,,,,,,,,,,,
1277,                TBE - MV Switchgear 20 kV,10 days, Sat 3/11/17, Mon 3/20/17,2390,Engineering Workload (Wika),,,,,,,,,,,,,,,,
1278,                TBE - MV Switchgear 3,3 kV,10 days, Wed 5/24/17, Sat 6/03/17,2398,Engineering Workload (Wika),,,,,,,,,,,,,,,,
1279,                TBE - LV Switchgear/MCC,10 days, Fri 7/07/17, Sun 7/16/17,2406,Engineering Workload (Wika),,,,,,,,,,,,,,,,
1280,                TBE - Power Transformer 3,3/0,4kV, 50 kVA,10 days, Thu 7/20/17, Sat 7/29/17,2414,Engineering Workload (Wika),,,,,,,,,,,,,,,,
1281,                TBE - 220V AC UPS,10 days, Sun 6/04/17, Tue 6/13/17,2422,Engineering Workload (Wika),,,,,,,,,,,,,,,,
1282,                TBE - 110V DC UPS,10 days, Sun 6/04/17, Tue 6/13/17,2430,Engineering Workload (Wika),,,,,,,,,,,,,,,,
1283,                TBE - Capacitor Bank,10 days, Mon 7/17/17, Wed 7/26/17,2438,Engineering Workload (Wika),,,,,,,,,,,,,,,,
1284,                TBE - Small Power & Distribution Panel,10 days, Sat 6/17/17, Tue 7/11/17,2446,Engineering Workload (Wika),,,,,,,,,,,,,,,,
1285,                TBE - Electrical Cable,10 days, Tue 7/18/17, Thu 7/27/17,2454,Engineering Workload (Wika),,,,,,,,,,,,,,,,
1286,                TBE - Neutral Ground Resistor,10 days, Fri 7/14/17, Sun 7/23/17,2462,Engineering Workload (Wika),,,,,,,,,,,,,,,,
1287,                TBE - Emergency Diesel Engine Generator,10 days, Sat 5/20/17, Tue 5/30/17,2470,Engineering Workload (Wika),,,,,,,,,,,,,,,,
1288,                TBE - Lighting Fixtures,10 days, Thu 2/09/17, Wed 5/24/17,2478,Engineering Workload (Wika),,,,,,,,,,,,,,,,
1289,                TBE - Electrical Cable Trays & Ladder,10 days, Sat 7/08/17, Mon 7/17/17,2486,Engineering Workload (Wika),,,,,,,,,,,,,,,,
1290,                TBE - Electric Heater,10 days, Tue 9/19/17, Thu 9/28/17,2494,Engineering Workload (Wika),,,,,,,,,,,,,,,,
1291,                TBE - Cathodic Protection,10 days, Wed 8/02/17, Fri 8/11/17,2502,Engineering Workload (Wika),,,,,,,,,,,,,,,,
1292,            Vendor Document Review,151 days, Thu 6/01/17, Mon 11/13/17,,,,,,,,,,,,,,,,,,
1293,                Vendor Document Review - MV Switchgear 20 kV,30 days, Thu 6/01/17, Sat 7/15/17,2392,Engineering Workload (Wika),010300[Rp 117221237.89],,,,,,,,,,,,,,,,
1294,                Vendor Document Review - MV Switchgear 3,3 kV,30 days, Mon 7/10/17, Wed 8/09/17,2400,Engineering Workload (Wika),010300[Rp 117221237.89],,,,,,,,,,,,,,,,
1295,                Vendor Document Review - LV Switchgear/MCC,30 days, Tue 8/08/17, Wed 9/06/17,2408,Engineering Workload (Wika),010300[Rp 117221237.89],,,,,,,,,,,,,,,,
1296,                Vendor Document Review - Power Transformer 3,3/0,4kV, 50 kVA,30 days, Mon 8/21/17, Tue 9/19/17,2416,Engineering Workload (Wika),010300[Rp 117221237.89],,,,,,,,,,,,,,,,
1297,                Vendor Document Review - 220V AC UPS,30 days, Sat 7/15/17, Sun 8/13/17,2424,Engineering Workload (Wika),010300[Rp 117221237.89],,,,,,,,,,,,,,,,
1298,                Vendor Document Review - 110V DC UPS,30 days, Fri 7/21/17, Sat 8/19/17,2432,Engineering Workload (Wika),010300[Rp 117221237.89],,,,,,,,,,,,,,,,
1299,                Vendor Document Review - Capacitor Bank,30 days, Fri 8/18/17, Sat 9/16/17,2440,Engineering Workload (Wika),010300[Rp 117221237.89],,,,,,,,,,,,,,,,
1300,                Vendor Document Review - Small Power & Distribution Panel,30 days, Fri 7/28/17, Sat 8/26/17,2448,Engineering Workload (Wika),010300[Rp 117221237.89],,,,,,,,,,,,,,,,
1301,                Vendor Document Review - Electrical Cable,30 days, Sat 8/19/17, Sun 9/17/17,2456,Engineering Workload (Wika),010300[Rp 117221237.89],,,,,,,,,,,,,,,,
1302,                Vendor Document Review - Neutral Ground Resistor,30 days, Wed 8/09/17, Thu 9/07/17,2464,Engineering Workload (Wika),010300[Rp 117221237.89],,,,,,,,,,,,,,,,
1303,                Vendor Document Review - Emergency Diesel Engine Generator,30 days, Thu 6/15/17, Sun 7/30/17,2472,Engineering Workload (Wika),010300[Rp 117221237.89],,,,,,,,,,,,,,,,
1304,                Vendor Document Review - Lighting Fixtures,30 days, Sat 6/10/17, Mon 7/24/17,2480,Engineering Workload (Wika),010300[Rp 117221237.89],,,,,,,,,,,,,,,,
1305,                Vendor Document Review - Electrical Cable Trays & Ladder,30 days, Thu 8/03/17, Fri 9/01/17,2488,Engineering Workload (Wika),010300[Rp 117221237.89],,,,,,,,,,,,,,,,
1306,                Vendor Document Review - Electric Heater,30 days, Sun 10/15/17, Mon 11/13/17,2496,Engineering Workload (Wika),010300[Rp 117221237.89],,,,,,,,,,,,,,,,
1307,                Vendor Document Review - Cathodic Protection,30 days, Mon 8/28/17, Tue 9/26/17,2504,Engineering Workload (Wika),010300[Rp 117221237.89],,,,,,,,,,,,,,,,
1504,            Requisition,406 days, Tue 9/13/16, Wed 11/08/17,,,,,,,,,,,,,,,,,,
1505,                Requisition - Soil Investigation,7 days, Mon 10/03/16, Sun 10/09/16,"1319SS,1318SS",Engineering Workload (Wika),,,,,,,,,,,,,,,,
1506,                Requisition - Concrete Pile (Onshore - For Tank),7 days, Wed 9/28/16, Tue 10/04/16,1502SS+14 days,Engineering Workload (Wika),,,,,,,,,,,,,,,,
1507,                Requisition - Steel Pile (Offshore),7 days, Wed 9/28/16, Tue 10/04/16,"1493SS+7 days,1503SS+7 days",Engineering Workload (Wika),,,,,,,,,,,,,,,,
1508,                Requisition - Soil Improvement,2 days, Mon 10/03/16, Tue 10/04/16,1505SS,Engineering Workload (Wika),,,,,,,,,,,,,,,,
1509,                Requisition - Steel Structure Fabrication,344 days, Mon 11/14/16, Wed 11/08/17,,,,,,,,,,,,,,,,,,
1510,                    Pipe Rack -  Precast  Fabrication -  Requisition,7 days, Fri 4/28/17, Thu 5/04/17,"1397,1398,1399,1400,1401,1402,1403,1404,1405,1406,1407,1408,1409,1410,1411,1412,1413,1430SS+35 days",Engineering Workload (Wika),,,,,,,,,,,,,,,,
1511,                    Pipe Bridge - Steel Structure Fabrication -  Requisition,7 days, Tue 6/20/17, Tue 7/11/17,"1431,1397,1398,1399,1400,1401,1402,1403,1404,1405,1406,1407,1408,1409,1410,1411,1412,1413",Engineering Workload (Wika),,,,,,,,,,,,,,,,
1512,                    Substation - Steel Structure Fabrication -  Requisition,7 days, Sat 9/16/17, Fri 9/22/17,"1474,1397,1398,1399,1400,1401,1402,1403,1404,1405,1406,1407,1408,1409,1410,1411,1412,1413",Engineering Workload (Wika),,,,,,,,,,,,,,,,
1513,                    Shelter for BOG Compressor - Steel Structure Fabrication -  Requisition,7 days, Tue 5/30/17, Mon 6/05/17,"1444,1397,1398,1399,1400,1401,1402,1403,1404,1405,1406,1407,1408,1409,1410,1411,1412,1413",Engineering Workload (Wika),,,,,,,,,,,,,,,,
1514,                    Guard House - Steel Structure Fabrication -  Requisition,7 days, Mon 11/14/16, Sun 11/20/16,"1432,1397,1398,1399,1400,1401,1402,1403,1404,1405,1406,1407,1408,1409,1410,1411,1412,1413",Engineering Workload (Wika),,,,,,,,,,,,,,,,
1515,                    VLGC Berthing Control Room - Steel Structure Fabrication -  Requisition,7 days, Tue 6/20/17, Tue 7/11/17,"1489,1397,1398,1399,1400,1401,1402,1403,1404,1405,1406,1407,1408,1409,1410,1411,1412,1413",Engineering Workload (Wika),,,,,,,,,,,,,,,,
1516,                    Shelter for Metering - Steel Structure Fabrication -  Requisition,7 days, Tue 6/06/17, Mon 6/12/17,"1445,1397,1398,1399,1400,1401,1402,1403,1404,1405,1406,1407,1408,1409,1410,1411,1412,1413",Engineering Workload (Wika),,,,,,,,,,,,,,,,
1517,                    Shelter for IA Compressor- Steel Structure Fabrication -  Requisition,7 days, Thu 11/02/17, Wed 11/08/17,"1473,1397,1398,1399,1400,1401,1402,1403,1404,1405,1406,1407,1408,1409,1410,1411,1412,1413",Engineering Workload (Wika),,,,,,,,,,,,,,,,
1518,                    Shelter for N2 Unit- Steel Structure Fabrication -  Requisition,7 days, Thu 7/06/17, Wed 7/12/17,"1475,1397,1398,1399,1400,1401,1402,1403,1404,1405,1406,1407,1408,1409,1410,1411,1412,1413",Engineering Workload (Wika),,,,,,,,,,,,,,,,
1519,                    Fire Station - Steel Structure Fabrication -  Requisition,7 days, Wed 2/01/17, Tue 2/07/17,"1476,1397,1398,1399,1400,1401,1402,1403,1404,1405,1406,1407,1408,1409,1410,1411,1412,1413",Engineering Workload (Wika),,,,,,,,,,,,,,,,
1520,                    Filling Shed - Steel Structure Fabrication -  Requisition,7 days, Sat 9/16/17, Fri 9/22/17,"1486,1397,1398,1399,1400,1401,1402,1403,1404,1405,1406,1407,1408,1409,1410,1411,1412,1413",Engineering Workload (Wika),,,,,,,,,,,,,,,,
1521,                    Shelter Around Propane Heater - Steel Structure Fabrication -  Requisition,7 days, Tue 7/18/17, Mon 7/24/17,"1446,1397,1398,1399,1400,1401,1402,1403,1404,1405,1406,1407,1408,1409,1410,1411,1412,1413",Engineering Workload (Wika),,,,,,,,,,,,,,,,
1522,                    Platform for Gangway & Control Room Jetty A - Steel Structure Fabrication -  Requisition,7 days, Sat 9/16/17, Fri 9/22/17,"1483,1397,1398,1399,1400,1401,1402,1403,1404,1405,1406,1407,1408,1409,1410,1411,1412,1413",Engineering Workload (Wika),,,,,,,,,,,,,,,,
1523,                    Shelter of Sea Water Intake - Steel Structure Fabrication -  Requisition,7 days, Sat 10/07/17, Fri 10/13/17,"1494,1397,1398,1399,1400,1401,1402,1403,1404,1405,1406,1407,1408,1409,1410,1411,1412,1413",Engineering Workload (Wika),,,,,,,,,,,,,,,,
1524,                    Platform for Gangway Jetty B - Steel Structure Fabrication -  Requisition,7 days, Tue 8/29/17, Mon 9/04/17,"1484,1397,1398,1399,1400,1401,1402,1403,1404,1405,1406,1407,1408,1409,1410,1411,1412,1413",Engineering Workload (Wika),,,,,,,,,,,,,,,,
1525,                    Platform for Gangway & Control Room  Jetty B - Steel Structure Fabrication -  Requisition,7 days, Sat 9/16/17, Fri 9/22/17,"1485,1397,1398,1399,1400,1401,1402,1403,1404,1405,1406,1407,1408,1409,1410,1411,1412,1413",Engineering Workload (Wika),,,,,,,,,,,,,,,,
1526,                Requisition - Main Civil Work,278 days, Thu 10/06/16, Wed 7/26/17,,,,,,,,,,,,,,,,,,
1527,                    Piling Work (Onshore) - Requesition,7 days, Thu 10/06/16, Wed 10/12/16,"1441SS+14 days,1442SS+7 days",Engineering Workload (Wika),,,,,,,,,,,,,,,,
1528,                    Piling Work (Offshore) - Requesition,7 days, Thu 10/06/16, Wed 10/12/16,1493SS,Engineering Workload (Wika),,,,,,,,,,,,,,,,
1529,                    Tank Foundation Work - Requesition,7 days, Wed 11/16/16, Tue 11/22/16,"1441SS+14 days,1442SS+14 days",Engineering Workload (Wika),,,,,,,,,,,,,,,,
1530,                    Compressor Foundation Work - Requesition,7 days, Thu 7/20/17, Wed 7/26/17,"1468SS+14 days,1469SS+14 days",Engineering Workload (Wika),,,,,,,,,,,,,,,,
1531,                    Ground Flare Work - Requesition,7 days, Thu 3/02/17, Wed 3/08/17,1443SS+14 days,Engineering Workload (Wika),,,,,,,,,,,,,,,,
1532,                    Special Heater Foundation Work - Requesition,7 days, Tue 6/06/17, Mon 6/12/17,"1470SS+14 days,1471SS+14 days,1472SS+14 days",Engineering Workload (Wika),,,,,,,,,,,,,,,,
1533,                    Trestle Jetty Work - Requesition,7 days, Thu 2/02/17, Wed 2/08/17,1493SS+14 days,Engineering Workload (Wika),,,,,,,,,,,,,,,,
1534,                Requisition - General Civil Work,276 days, Sat 10/08/16, Wed 7/26/17,,,,,,,,,,,,,,,,,,
1535,                    Fence & Gate Work - Requisition,7 days, Sat 10/08/16, Fri 10/14/16,1438SS+14 days,Engineering Workload (Wika),,,,,,,,,,,,,,,,
1536,                    Substation Work - Requisition,7 days, Thu 7/20/17, Wed 7/26/17,1474SS+14 days,Engineering Workload (Wika),,,,,,,,,,,,,,,,
1537,                    Dike Work - Requisition,7 days, Wed 5/03/17, Tue 5/09/17,1437SS+14 days,Engineering Workload (Wika),,,,,,,,,,,,,,,,
1538,                    Road & Paving - Work - Requisition,7 days, Tue 10/25/16, Mon 10/31/16,"1394,1426SS+14 days",Engineering Workload (Wika),,,,,,,,,,,,,,,,
1539,                    Sewer & Drainage - Work - Requisition,7 days, Mon 11/14/16, Sun 11/20/16,1425SS+14 days,Engineering Workload (Wika),,,,,,,,,,,,,,,,
1540,                    Control Room - Work - Requisition,7 days, Fri 4/21/17, Thu 4/27/17,1489SS+14 days,Engineering Workload (Wika),,,,,,,,,,,,,,,,
1541,                    Foundation of mechanical Equipment & Shelter - Work - Requisition,7 days, Wed 2/15/17, Tue 2/21/17,1540SS,Engineering Workload (Wika),,,,,,,,,,,,,,,,
1542,                    Pipe Sleeper - Work - Requisition,7 days, Fri 4/14/17, Thu 4/20/17,1429SS+7 days,Engineering Workload (Wika),,,,,,,,,,,,,,,,
1543,                    Culvert - Work - Requisition,7 days, Fri 3/03/17, Thu 3/09/17,1427SS+14 days,Engineering Workload (Wika),,,,,,,,,,,,,,,,
1544,                    Duct Bank - Work - Requisition,7 days, Wed 7/19/17, Tue 7/25/17,1428SS+14 days,Engineering Workload (Wika),,,,,,,,,,,,,,,,
1545,                Requisition - Concrete Bar,258 days, Tue 9/13/16, Mon 5/29/17,,,,,,,,,,,,,,,,,,
1546,                    Phase 1 - Requisition of Concrete Bar,7 days, Tue 9/13/16, Mon 9/19/16,1322SS+7 days,Engineering Workload (Wika),,,,,,,,,,,,,,,,
1547,                    Phase 2 - Requisition of Concrete Bar,7 days, Tue 5/23/17, Mon 5/29/17,1322,Engineering Workload (Wika),,,,,,,,,,,,,,,,
1548,            TBE,406 days, Tue 9/20/16, Wed 11/15/17,,,,,,,,,,,,,,,,,,
1549,                TBE - Soil Investigation,7 days, Mon 10/10/16, Sun 10/16/16,1505,Engineering Workload (Wika),,,,,,,,,,,,,,,,
1550,                TBE - Concrete Pile (Onshore),7 days, Wed 10/12/16, Tue 10/18/16,2511,Engineering Workload (Wika),,,,,,,,,,,,,,,,
1551,                TBE - Steel Pile (Offshore),7 days, Wed 10/12/16, Tue 10/18/16,2517,Engineering Workload (Wika),,,,,,,,,,,,,,,,
1552,                TBE - Soil Improvement,7 days, Mon 10/10/16, Sun 10/16/16,1505,Engineering Workload (Wika),,,,,,,,,,,,,,,,
1553,                TBE - Steel Structure Fabrication,344 days, Mon 11/21/16, Wed 11/15/17,,,,,,,,,,,,,,,,,,
1554,                    Pipe Rack - Steel Structure Fabrication - TBE,7 days, Fri 5/05/17, Thu 5/11/17,1510,Engineering Workload (Wika),,,,,,,,,,,,,,,,
1555,                    Pipe Bridge - Steel Structure Fabrication - TBE,7 days, Wed 7/12/17, Tue 7/18/17,1511,Engineering Workload (Wika),,,,,,,,,,,,,,,,
1556,                    Substation - Steel Structure Fabrication - TBE,7 days, Sat 9/23/17, Fri 9/29/17,1512,Engineering Workload (Wika),,,,,,,,,,,,,,,,
1557,                    Shelter for BOG Compressor - Steel Structure Fabrication - TBE,7 days, Tue 6/06/17, Mon 6/12/17,1513,Engineering Workload (Wika),,,,,,,,,,,,,,,,
1558,                    Guard House - Steel Structure Fabrication - TBE,7 days, Mon 11/21/16, Sun 11/27/16,1514,Engineering Workload (Wika),,,,,,,,,,,,,,,,
1559,                    VLGC Berthing Control Room - Steel Structure Fabrication - TBE,7 days, Wed 7/12/17, Tue 7/18/17,1515,Engineering Workload (Wika),,,,,,,,,,,,,,,,
1560,                    Shelter for Metering - Steel Structure Fabrication - TBE,7 days, Tue 6/13/17, Mon 6/19/17,1516,Engineering Workload (Wika),,,,,,,,,,,,,,,,
1561,                    Shelter for IA Compressor - Steel Structure Fabrication - TBE,7 days, Thu 11/09/17, Wed 11/15/17,1517,Engineering Workload (Wika),,,,,,,,,,,,,,,,
1562,                    Shelter for N2 Unit - Steel Structure Fabrication - TBE,7 days, Thu 7/13/17, Wed 7/19/17,1518,Engineering Workload (Wika),,,,,,,,,,,,,,,,
1563,                    Fire Station - Steel Structure Fabrication - TBE,7 days, Wed 2/08/17, Tue 2/14/17,1519,Engineering Workload (Wika),,,,,,,,,,,,,,,,
1564,                    Filling Shed - Steel Structure Fabrication - TBE,7 days, Sat 9/23/17, Fri 9/29/17,1520,Engineering Workload (Wika),,,,,,,,,,,,,,,,
1565,                    Shelter Around Propane Heater - Steel Structure Fabrication - TBE,7 days, Tue 7/25/17, Mon 7/31/17,1521,Engineering Workload (Wika),,,,,,,,,,,,,,,,
1566,                    Platform for Gangway & Control Room Jetty A - Steel Structure Fabrication - TBE,7 days, Sat 9/23/17, Fri 9/29/17,1522,Engineering Workload (Wika),,,,,,,,,,,,,,,,
1567,                    Shelter of Sea Water Intake - Steel Structure Fabrication - TBE,7 days, Sat 10/14/17, Fri 10/20/17,1523,Engineering Workload (Wika),,,,,,,,,,,,,,,,
1568,                    Platform for Gangway Jetty B - Steel Structure Fabrication - TBE,7 days, Tue 9/05/17, Mon 9/11/17,1524,Engineering Workload (Wika),,,,,,,,,,,,,,,,
1569,                    Platform for Gangway & Control Room  Jetty B - Steel Structure Fabrication - TBE,7 days, Sat 9/23/17, Fri 9/29/17,1525,Engineering Workload (Wika),,,,,,,,,,,,,,,,
1570,                TBE - Main Civil Work,278 days, Thu 10/13/16, Wed 8/02/17,,,,,,,,,,,,,,,,,,
1571,                    Piling Work (Onshore) - Main Civil Work - TBE,7 days, Thu 10/13/16, Wed 10/19/16,1527,Engineering Workload (Wika),,,,,,,,,,,,,,,,
1572,                    Piling Work (Offshore) - Main Civil Work - TBE,7 days, Thu 10/13/16, Wed 10/19/16,1528,Engineering Workload (Wika),,,,,,,,,,,,,,,,
1573,                    Tank Foundation Work - Main Civil Work - TBE,7 days, Wed 11/23/16, Tue 11/29/16,1529,Engineering Workload (Wika),,,,,,,,,,,,,,,,
1574,                    Compressor Foundation Work - Main Civil Work - TBE,7 days, Thu 7/27/17, Wed 8/02/17,1530,Engineering Workload (Wika),,,,,,,,,,,,,,,,
1575,                    Ground Flare Work - Main Civil Work - TBE,7 days, Mon 5/01/17, Sun 5/07/17,1531,Engineering Workload (Wika),,,,,,,,,,,,,,,,
1576,                    Special Heater Foundation Work - Main Civil Work - TBE,7 days, Tue 6/13/17, Mon 6/19/17,1532,Engineering Workload (Wika),,,,,,,,,,,,,,,,
1577,                    Trestle Jetty Work - Main Civil Work - TBE,7 days, Wed 3/29/17, Tue 4/04/17,1533,Engineering Workload (Wika),,,,,,,,,,,,,,,,
1578,                TBE - General Civil Work,280 days, Tue 10/11/16, Wed 8/02/17,,,,,,,,,,,,,,,,,,
1579,                    Fence & Gate Work - General Civil Work - TBE,7 days, Tue 10/11/16, Mon 10/17/16,1535,Engineering Workload (Wika),,,,,,,,,,,,,,,,
1580,                    Substation Work - General Civil Work - TBE,7 days, Thu 7/27/17, Wed 8/02/17,1536,Engineering Workload (Wika),,,,,,,,,,,,,,,,
1581,                    Dike Work - General Civil Work - TBE,7 days, Wed 5/10/17, Tue 5/16/17,1537,Engineering Workload (Wika),,,,,,,,,,,,,,,,
1582,                    Road - General Civil Work - TBE,7 days, Wed 3/29/17, Tue 4/04/17,1538,Engineering Workload (Wika),,,,,,,,,,,,,,,,
1583,                    Drainase - General Civil Work - TBE,7 days, Fri 11/25/16, Thu 12/01/16,1539,Engineering Workload (Wika),,,,,,,,,,,,,,,,
1584,                    Control Room - General Civil Work - TBE,7 days, Fri 4/28/17, Thu 5/04/17,1540,Engineering Workload (Wika),,,,,,,,,,,,,,,,
1585,                    Foundation of mechanical Equipment & Shelter - General Civil Work - TBE,7 days, Tue 2/28/17, Mon 3/06/17,1541,Engineering Workload (Wika),,,,,,,,,,,,,,,,
1586,                    Pipe Sleeper - General Civil Work - TBE,7 days, Fri 4/21/17, Thu 4/27/17,1542,Engineering Workload (Wika),,,,,,,,,,,,,,,,
1587,                    Culvert - General Civil Work - TBE,7 days, Wed 3/29/17, Tue 4/04/17,1543,Engineering Workload (Wika),,,,,,,,,,,,,,,,
1588,                    Duct Bank - General Civil Work - TBE,7 days, Wed 7/26/17, Tue 8/01/17,1544,Engineering Workload (Wika),,,,,,,,,,,,,,,,
1589,                TBE - Concrete Material,10 days, Tue 9/20/16, Thu 9/29/16,1546,Engineering Workload (Wika),,,,,,,,,,,,,,,,
1590,                TBE - Anchor Bolts,10 days, Wed 3/29/17, Fri 4/07/17,1589SS,Engineering Workload (Wika),,,,,,,,,,,,,,,,
1591,                TBE - Reinforcing Bar,10 days, Tue 9/20/16, Thu 9/29/16,1546,Engineering Workload (Wika),,,,,,,,,,,,,,,,
,,,,,,,,,,,,,,,,,,,,,,
,,,,,,,,,,,,,,,,,,,,,,
,,,,,,,,,,,,,,,,,,,,,,
,,,,,,,,,,,,,,,,,,,,,,
,,,,,,,,,,,,,,,,,,,,,,
,,,,,,,,,,,,,,,,,,,,,,
,,,,,,,,,,,,,,,,,,,,,,
,,,,,,,,,,,,,,,,,,,,,,
,,,,,,,,,,,,,,,,,,,,,,
,,,,,,,,,,,,,,,,,,,,,,
,,,,,,,,,,,,,,,,,,,,,,
,,,,,,,,,,,,,,,,,,,,,,
,,,,,,,,,,,,,,,,,,,,,,
,,,,,,,,,,,,,,,,,,,,,,
,,,,,,,,,,,,,,,,,,,,,,
,,,,,,,,,,,,,,,,,,,,,,
,,,,,,,,,,,,,,,,,,,,,,
,,,,,,,,,,,,,,,,,,,,,,
,,,,,,,,,,,,,,,,,,,,,,
,,,,,,,,,,,,,,,,,,,,,,
,,,,,,,,,,,,,,,,,,,,,,
,,,,,,,,,,,,,,,,,,,,,,
,,,,,,,,,,,,,,,,,,,,,,
,,,,,,,,,,,,,,,,,,,,,,
,,,,,,,,,,,,,,,,,,,,,,
,,,,,,,,,,,,,,,,,,,,,,
,,,,,,,,,,,,,,,,,,,,,,
,,,,,,,,,,,,,,,,,,,,,,
,,,,,,,,,,,,,,,,,,,,,,
,,,,,,,,,,,,,,,,,,,,,,
,,,,,,,,,,,,,,,,,,,,,,
,,,,,,,,,,,,,,,,,,,,,,
,,,,,,,,,,,,,,,,,,,,,,
,,,,,,,,,,,,,,,,,,,,,,
,,,,,,,,,,,,,,,,,,,,,,
,,,,,,,,,,,,,,,,,,,,,,
,,,,,,,,,,,,,,,,,,,,,,
,,,,,,,,,,,,,,,,,,,,,,
,,,,,,,,,,,,,,,,,,,,,,
,,,,,,,,,,,,,,,,,,,,,,
,,,,,,,,,,,,,,,,,,,,,,
